{"newX":0.5901530272787758,"newY":0.7229551451187335}